TreatmentOrVaccine,ProductCategory,StageOfDevelopment
Vaccine,DNA-based,Pre-clinical
Vaccine,DNA-based,Pre-clinical
Vaccine,DNA-based,Pre-clinical
Vaccine,DNA-based,Phase II/III
Vaccine,DNA-based,Pre-clinical
Vaccine,DNA-based,Pre-clinical
Vaccine,DNA-based,Phase I
Vaccine,DNA-based,Pre-clinical
Vaccine,DNA-based,Pre-clinical
Vaccine,DNA-based,Phase III
Vaccine,DNA-based,Pre-clinical
Vaccine,DNA-based,Phase II/III
Vaccine,DNA-based,Phase I/II
Vaccine,DNA-based,Pre-clinical
Vaccine,DNA-based,Pre-clinical
Vaccine,DNA-based,Pre-clinical
Vaccine,DNA-based,Pre-clinical
Vaccine,DNA-based,Pre-clinical
Vaccine,DNA-based,Pre-clinical
Vaccine,DNA-based,Phase I
Vaccine,DNA-based,Phase I/II
Vaccine,Inactivated virus,Phase I/II
Vaccine,Inactivated virus,Phase III
Vaccine,Inactivated virus,Phase III
Vaccine,Inactivated virus,Phase III
Vaccine,Inactivated virus,Phase III
Vaccine,Inactivated virus,Pre-clinical
Vaccine,Inactivated virus,Pre-clinical
Vaccine,Inactivated virus,Phase III
Vaccine,Inactivated virus,Phase II
Vaccine,Inactivated virus,Pre-clinical
Vaccine,Inactivated virus,Pre-clinical
Vaccine,Inactivated virus,Pre-clinical
Vaccine,Inactivated virus,Phase III
Vaccine,Inactivated virus,Phase II
Vaccine,Inactivated virus,Pre-clinical
Vaccine,Inactivated virus,Pre-clinical
Vaccine,Inactivated virus,Pre-clinical
Vaccine,Inactivated virus,Pre-clinical
Vaccine,Inactivated virus,Phase I
Vaccine,Live attenuated virus,Pre-clinical
Vaccine,Live attenuated virus,Phase I
Vaccine,Live attenuated virus,Pre-clinical
Vaccine,Live attenuated virus,Pre-clinical
Vaccine,Non-replicating viral vector,Pre-clinical
Vaccine,Non-replicating viral vector,Phase I
Vaccine,Non-replicating viral vector,Pre-clinical
Vaccine,Non-replicating viral vector,Pre-clinical
Vaccine,Non-replicating viral vector,Pre-clinical
Vaccine,Non-replicating viral vector,Phase III
Vaccine,Non-replicating viral vector,Pre-clinical
Vaccine,Non-replicating viral vector,Phase I
Vaccine,Non-replicating viral vector,Phase I
Vaccine,Non-replicating viral vector,Pre-clinical
Vaccine,Non-replicating viral vector,Phase I/II
Vaccine,Non-replicating viral vector,Pre-clinical
Vaccine,Non-replicating viral vector,Authorized
Vaccine,Non-replicating viral vector,Phase I
Vaccine,Non-replicating viral vector,Pre-clinical
Vaccine,Non-replicating viral vector,Authorized
Vaccine,Non-replicating viral vector,Pre-clinical
Vaccine,Non-replicating viral vector,Pre-clinical
Vaccine,Non-replicating viral vector,Pre-clinical
Vaccine,Non-replicating viral vector,Phase III
Vaccine,Non-replicating viral vector,Pre-clinical
Vaccine,Non-replicating viral vector,Pre-clinical
Vaccine,Non-replicating viral vector,Pre-clinical
Vaccine,Non-replicating viral vector,Pre-clinical
Vaccine,Non-replicating viral vector,Pre-clinical
Vaccine,Non-replicating viral vector,Pre-clinical
Vaccine,Non-replicating viral vector,Pre-clinical
Vaccine,Non-replicating viral vector,Pre-clinical
Vaccine,Non-replicating viral vector,Phase I
Vaccine,Non-replicating viral vector,Pre-clinical
Vaccine,Protein subunit,Pre-clinical
Vaccine,Protein subunit,Phase II
Vaccine,Protein subunit,Pre-clinical
Vaccine,Protein subunit,Pre-clinical
Vaccine,Protein subunit,Phase III
Vaccine,Protein subunit,Phase I
Vaccine,Protein subunit,Phase I/II
Vaccine,Protein subunit,Pre-clinical
Vaccine,Protein subunit,Pre-clinical
Vaccine,Protein subunit,Pre-clinical
Vaccine,Protein subunit,Phase II
Vaccine,Protein subunit,Pre-clinical
Vaccine,Protein subunit,Pre-clinical
Vaccine,Protein subunit,Pre-clinical
Vaccine,Protein subunit,Phase III
Vaccine,Protein subunit,Pre-clinical
Vaccine,Protein subunit,Pre-clinical
Vaccine,Protein subunit,Pre-clinical
Vaccine,Protein subunit,Pre-clinical
Vaccine,Protein subunit,Phase I/II
Vaccine,Protein subunit,Pre-clinical
Vaccine,Protein subunit,Phase I/II
Vaccine,Protein subunit,Pre-clinical
Vaccine,Protein subunit,Phase I
Vaccine,Protein subunit,Pre-clinical
Vaccine,Protein subunit,Pre-clinical
Vaccine,Protein subunit,Pre-clinical
Vaccine,Protein subunit,Pre-clinical
Vaccine,Protein subunit,Pre-clinical
Vaccine,Protein subunit,Phase I
Vaccine,Protein subunit,Pre-clinical
Vaccine,Protein subunit,Pre-clinical
Vaccine,Protein subunit,Pre-clinical
Vaccine,Protein subunit,Pre-clinical
Vaccine,Protein subunit,Pre-clinical
Vaccine,Protein subunit,Pre-clinical
Vaccine,Protein subunit,Pre-clinical
Vaccine,Protein subunit,Pre-clinical
Vaccine,Protein subunit,Pre-clinical
Vaccine,Protein subunit,Pre-clinical
Vaccine,Protein subunit,Pre-clinical
Vaccine,Protein subunit,Pre-clinical
Vaccine,Protein subunit,Pre-clinical
Vaccine,Protein subunit,Phase I/II
Vaccine,Protein subunit,Pre-clinical
Vaccine,Protein subunit,Pre-clinical
Vaccine,Protein subunit,Pre-clinical
Vaccine,Protein subunit,Pre-clinical
Vaccine,Protein subunit,Pre-clinical
Vaccine,Protein subunit,Pre-clinical
Vaccine,Protein subunit,Pre-clinical
Vaccine,Protein subunit,Pre-clinical
Vaccine,Protein subunit,Pre-clinical
Vaccine,Protein subunit,Pre-clinical
Vaccine,Protein subunit,Pre-clinical
Vaccine,Protein subunit,Pre-clinical
Vaccine,Protein subunit,Pre-clinical
Vaccine,Protein subunit,Pre-clinical
Vaccine,Protein subunit,Pre-clinical
Vaccine,Protein subunit,Pre-clinical
Vaccine,Protein subunit,Pre-clinical
Vaccine,Protein subunit,Pre-clinical
Vaccine,Protein subunit,Pre-clinical
Vaccine,Protein subunit,Pre-clinical
Vaccine,Protein subunit,Pre-clinical
Vaccine,Protein subunit,Phase I/II
Vaccine,Protein subunit,Pre-clinical
Vaccine,Protein subunit,Pre-clinical
Vaccine,Protein subunit,Phase II
Vaccine,Protein subunit,Phase I
Vaccine,Protein subunit,Phase I
Vaccine,Protein subunit,Phase III
Vaccine,Protein subunit,Pre-clinical
Vaccine,Protein subunit,Pre-clinical
Vaccine,Protein subunit,Pre-clinical
Vaccine,Protein subunit,Pre-clinical
Vaccine,Protein subunit,Pre-clinical
Vaccine,Protein subunit,Phase I/II
Vaccine,Protein subunit,Pre-clinical
Vaccine,Protein subunit,Phase I/II
Vaccine,Protein subunit,Phase I
Vaccine,Protein subunit,Phase I
Vaccine,Replicating viral vector,Pre-clinical
Vaccine,Replicating viral vector,Pre-clinical
Vaccine,Replicating viral vector,Pre-clinical
Vaccine,Replicating viral vector,Pre-clinical
Vaccine,Replicating viral vector,Phase II
Vaccine,Replicating viral vector,Pre-clinical
Vaccine,Replicating viral vector,Phase I
Vaccine,Replicating viral vector,Pre-clinical
Vaccine,Replicating viral vector,Pre-clinical
Vaccine,Replicating viral vector,Pre-clinical
Vaccine,Replicating viral vector,Pre-clinical
Vaccine,Replicating viral vector,Pre-clinical
Vaccine,Replicating viral vector,Pre-clinical
Vaccine,Replicating viral vector,Pre-clinical
Vaccine,Replicating viral vector,Pre-clinical
Vaccine,Replicating viral vector,Phase I/II
Vaccine,Replicating viral vector,Pre-clinical
Vaccine,Replicating viral vector,Pre-clinical
Vaccine,Replicating viral vector,Pre-clinical
Vaccine,Replicating viral vector,Phase I/II
Vaccine,Replicating viral vector,Pre-clinical
Vaccine,Replicating viral vector,Phase I
Vaccine,Replicating viral vector,Pre-clinical
Vaccine,RNA-based vaccine,Pre-clinical
Vaccine,RNA-based vaccine,Pre-clinical
Vaccine,RNA-based vaccine,Authorized
Vaccine,RNA-based vaccine,Pre-clinical
Vaccine,RNA-based vaccine,Pre-clinical
Vaccine,RNA-based vaccine,Pre-clinical
Vaccine,RNA-based vaccine,Pre-clinical
Vaccine,RNA-based vaccine,Pre-clinical
Vaccine,RNA-based vaccine,Pre-clinical
Vaccine,RNA-based vaccine,Phase I/II
Vaccine,RNA-based vaccine,Pre-clinical
Vaccine,RNA-based vaccine,Phase III
Vaccine,RNA-based vaccine,Phase I/II
Vaccine,RNA-based vaccine,Pre-clinical
Vaccine,RNA-based vaccine,Pre-clinical
Vaccine,RNA-based vaccine,Pre-clinical
Vaccine,RNA-based vaccine,Authorized
Vaccine,RNA-based vaccine,Pre-clinical
Vaccine,RNA-based vaccine,Pre-clinical
Vaccine,RNA-based vaccine,Pre-clinical
Vaccine,RNA-based vaccine,Pre-clinical
Vaccine,RNA-based vaccine,Pre-clinical
Vaccine,RNA-based vaccine,Pre-clinical
Vaccine,RNA-based vaccine,Phase I
Vaccine,RNA-based vaccine,Pre-clinical
Vaccine,RNA-based vaccine,Pre-clinical
Vaccine,RNA-based vaccine,Pre-clinical
Vaccine,RNA-based vaccine,Pre-clinical
Vaccine,RNA-based vaccine,Pre-clinical
Vaccine,RNA-based vaccine,Pre-clinical
Vaccine,RNA-based vaccine,Pre-clinical
Vaccine,RNA-based vaccine,Phase I
Vaccine,Virus-like particle,Pre-clinical
Vaccine,Virus-like particle,Phase II/III
Vaccine,Virus-like particle,Pre-clinical
Vaccine,Virus-like particle,Pre-clinical
Vaccine,Virus-like particle,Pre-clinical
Vaccine,Virus-like particle,Pre-clinical
Vaccine,Virus-like particle,Pre-clinical
Vaccine,Virus-like particle,Pre-clinical
Vaccine,Virus-like particle,Pre-clinical
Vaccine,Virus-like particle,Pre-clinical
Vaccine,Virus-like particle,Pre-clinical
Vaccine,Virus-like particle,Pre-clinical
Vaccine,Virus-like particle,Pre-clinical
Vaccine,Virus-like particle,Pre-clinical
Vaccine,Virus-like particle,Pre-clinical
Vaccine,Virus-like particle,Pre-clinical
Vaccine,Virus-like particle,Phase I/II
Vaccine,Virus-like particle,Pre-clinical
Vaccine,Virus-like particle,Pre-clinical
Vaccine,Virus-like particle,Pre-clinical
Vaccine,Virus-like particle,Pre-clinical
Vaccine,Virus-like particle,Pre-clinical
Vaccine,Unknown,Pre-clinical
Vaccine,Unknown,Pre-clinical
Vaccine,Unknown,Pre-clinical
Vaccine,Unknown,Pre-clinical
Vaccine,Unknown,Pre-clinical
Vaccine,Unknown,Pre-clinical
Vaccine,Unknown,Pre-clinical
Vaccine,Unknown,Pre-clinical
Vaccine,Unknown,Pre-clinical
Vaccine,Unknown,Pre-clinical
Vaccine,Unknown,Pre-clinical
Vaccine,Unknown,Pre-clinical
Vaccine,Unknown,Pre-clinical
Vaccine,Unknown,Pre-clinical
Vaccine,Unknown,Pre-clinical
Vaccine,Unknown,Pre-clinical
Vaccine,Replicating bacterial vector,Pre-clinical
Vaccine,Replicating bacterial vector,Pre-clinical
